germplasmName,value
MN22120,5521.225
MN22058,5675.9
MN21143-4,5104.275
MN22261,5709.525
SHELLY,5790.225
MN22216,5447.25
MN22253,4727.675
MN22286,5292.575
MN21337-1,5702.8
MN22375,4909.25
MN22054,4801.65
MN22064,4983.225
LINKERT,4714.225
MN21269-2,4922.7
MN22416,5299.3
MN22046,5796.95
MN22262,5790.225
MN22335,4768.025
MN-ROTHSAY,5030.3
MN22263,5184.975
MN22358,5292.575
MN22227,5218.6
MN22349,4438.5
MN22160,4889.075
MN22123,5104.275
MN22301,4936.15
MN-TORGY,5158.075
MN22369,5904.55
MN22419,5561.575
MN21272-2,5326.2
MN22399,5810.4
MN21065-2,5682.625
LINKERT,5090.825
MN22385,5608.65
MN22157,5104.275
MN22155,5232.05
MN21292-2,5662.45
MN21172-3,5480.875
MN22194,5131.175
MN22258,4465.4
SHELLY,5736.425
MN22303,5810.4
MN21405-3,5171.525
MN22063,5380.0
MN22464,5023.575
MN22113,5817.125
MN22009,5776.775
MN21168-1,5897.825
MN22428,5285.85
MN22378,5090.825
MN22099,5601.925
MN21263-3,5373.275
MN22182,4754.575
MN22326,5205.15
MN22374,5837.3
MN22306,5568.3
MN21114-1,5252.225
MN21316-3,5164.8
MN22367,5796.95
MN21045-1,4317.45
MN22071,5272.4
MN21354-3,5366.55
MN22128,4983.225
MN22070,4499.025
MN22276,5225.325
MN-ROTHSAY,5319.475
MN21290-2,5097.55
MN22406,5238.775
MN22151,4579.725
MN22248,5131.175
MN22408,5729.7
MN-ROTHSAY,5339.65
MN22169,4989.95
MN22200,5252.225
MN-TORGY,5111.0
MN22427,5090.825
MN22186,5003.4
MN22401,4862.175
MN22065,5501.05
MN22275,5097.55
MN22345,5944.9
MN22329,5830.575
MN22365,5615.375
MN22400,5850.75
MN22376,6018.875
MN22297,5601.925
MN-TORGY,5292.575
MN22022,4909.25
MN22061,5763.325
MN22106,5480.875
MN22016,4465.4
MN21150-3,5151.35
MN22167,5131.175
SHELLY,5669.175
MN-TORGY,5292.575
MN21089-4,6435.825
MN22241,5299.3
MN22229,6113.025
MN22228,5494.325
MN21385-1,6516.525
MN22302,4895.8
MN-TORGY,4989.95
MN21144-1,6523.25
MN22395,5272.4
MN22092,5749.875
MN22093W,5844.025
MN22341,6092.85
MN-ROTHSAY,5568.3
MN22193,4963.05
MN22259,5131.175
MN22225,4801.65
MN22405,4882.35
MN21357-5,5696.075
MN22125,5655.725
MN22118,5649.0
MN22025,5924.725
MN22141,5501.05
MN21087-1,5911.275
MN22154,5218.6
MN-ROTHSAY,5353.1
MN22309,6126.475
MN21073-3,5931.45
MN22086,5453.975
MN21034-3,6146.65
MN22103,5211.875
MN22097,0.0
MN22314,5770.05
MN21370-2,5635.55
MN22322,5951.625
MN22146,5312.75
MN22373,5447.25
MN22342,5568.3
MN22344,5790.225
LINKERT,5359.825
MN22089,4882.35
MN-TORGY,5164.8
MN22452,4936.15
MN22130,5057.2
MN22273,4815.1
MN22140,4209.85
MN22221,4680.6
MN-ROTHSAY,5043.75
MN21275-4,5622.1
MN22285,5124.45
MN22418,4868.9
MN22006,5568.3
MN22288,5453.975
MN21287-2,5232.05
MN22429,5460.7
MN22126,4929.425
MN21090-4,6173.55
MN22319,5373.275
MN22356,5924.725
MN22207,4936.15
MN22249,5669.175
MN21413-3,5501.05
MN22199,6092.85
MN22360,5554.85
MN21406-1,5211.875
MN22455,5689.35
LINKERT,5131.175
MN-TORGY,5090.825
MN22313,4788.2
MN21315-1,5164.8
MN22384,5413.625
MN21135-2,5205.15
MN22085,6180.275
MN22457,5756.6
MN22433,5527.95
MN22393,5527.95
SHELLY,5803.675
MN22206,5978.525
MN22213,4808.375
MN22101,5662.45
MN21053-1,5279.125
MN22218,5339.65
MN22355,5292.575
LINKERT,5514.5
MN22018,5675.9
MN21005-4,5743.15
MN21444-3,5642.275
MN22131,5635.55
MN22271,5971.8
MN22195,5420.35
MN22278,5521.225
MN22080,5427.075
MN22219,5595.2
MN22183,5548.125
MN22222,4902.525
MN22357,5682.625
MN22136,0.0
MN22350,5776.775
MN22201,5649.0
MN21482-1,4492.3
MN22212,5413.625
MN22196,5884.375
SHELLY,5877.65
MN-ROTHSAY,5622.1
MN22269,5131.175
MN21332-3,5924.725
MN22201,6967.1
MN21135-2,6388.75
MN22258,6550.15
MN22378,6859.5
MN22046,5057.2
MN22123,5817.125
MN22427,5346.375
MN22195,6139.925
MN22455,5783.5
MN21413-3,6106.3
MN22054,6113.025
MN22120,6852.775
MN21290-2,7646.325
MN22101,7673.225
SHELLY,8224.675
MN21332-3,7626.15
MN22167,7747.2
MN-ROTHSAY,7437.85
MN22222,7491.65
MN22408,6462.725
MN22216,7236.1
MN22016,7673.225
MN22358,8238.125
MN21005-4,8150.7
SHELLY,9280.5
MN22018,8655.075
MN22303,7236.1
MN22249,6429.1
MN21089-4,7363.875
MN22360,7646.325
MN22395,7558.9
MN22309,6852.775
MN22259,6563.6
MN-TORGY,6953.65
MN22092,6624.125
MN22345,6859.5
MN22322,6577.05
MN-TORGY,6745.175
MN22401,6583.775
MN22341,6388.75
LINKERT,5104.275
MN22218,7014.175
MN22207,5918.0
MN22365,5796.95
MN21292-2,6368.575
MN22375,6281.15
MN22206,6180.275
MN22405,6913.3
MN21337-1,6906.575
MN22464,6301.325
MN22196,6536.7
LINKERT,5985.25
MN22349,6133.2
MN22118,6731.725
MN22357,6260.975
MN-TORGY,6375.3
MN22061,6193.725
MN22457,6375.3
MN22400,7760.65
MN22263,6072.675
MN21269-2,6106.3
MN22376,5918.0
MN22276,6113.025
MN22126,5279.125
MN22286,6166.825
MN21272-2,6630.85
MN21287-2,6839.325
MN22355,7821.175
MN22200,7363.875
MN22314,7242.825
MN-ROTHSAY,7451.3
MN22221,7377.325
MN22273,7922.05
MN22262,8117.075
MN22130,8211.225
MN21114-1,8513.85
MN22213,8507.125
MN22103,7585.8
MN22385,7390.775
MN21168-1,7801.0
MN22452,7585.8
LINKERT,7027.625
MN22269,7498.375
MN22212,7437.85
MN21405-3,7774.1
MN22022,7935.5
MN22125,7263.0
MN21444-3,6590.5
MN22326,5911.275
MN22241,7014.175
MN22194,7168.85
SHELLY,7437.85
SHELLY,6946.925
LINKERT,5037.025
MN22140,5077.375
MN21357-5,6906.575
MN21385-1,6328.225
MN22433,5601.925
MN22350,6462.725
MN22183,5971.8
MN22418,6321.5
MN22182,6792.25
MN-ROTHSAY,7545.45
MN22186,6388.75
MN22154,7101.6
MN22275,7027.625
MN21263-3,7141.95
MN22406,7336.975
MN22329,7377.325
MN21087-1,6617.4
MN21053-1,6953.65
MN22428,7094.875
MN22093W,7108.325
MN22058,7545.45
MN22169,7693.4
MN-TORGY,7162.125
LINKERT,7343.7
MN22419,7478.2
MN22344,7585.8
MN21073-3,7969.125
MN21065-2,7599.25
MN22288,8056.55
MN22342,8345.725
MN-TORGY,8318.825
MN22228,8601.275
MN22160,8648.35
MN22285,8836.65
MN22393,9011.5
SHELLY,8924.075
MN21144-1,7989.3
MN22271,8305.375
MN21354-3,8668.525
MN22025,9011.5
MN22193,8096.9
MN22006,8076.725
MN22261,7350.425
LINKERT,7115.05
MN22071,8016.2
MN-ROTHSAY,8043.1
MN21090-4,8143.975
MN22278,6953.65
MN22297,6583.775
MN21482-1,5911.275
MN22356,7296.625
MN22229,7666.5
MN22128,7276.45
MN21045-1,7653.05
MN22157,7330.25
MN22369,5938.175
MN22063,7000.725
MN22384,6509.8
MN22155,6314.775
MN22429,6039.05
MN-TORGY,6899.85
MN22113,6852.775
MN22080,6926.75
MN-ROTHSAY,6987.275
MN21315-1,6032.325
MN22146,7410.95
MN22065,7155.4
MN22227,7283.175
MN21370-2,7195.75
MN22416,8117.075
MN22248,8009.475
MN22089,8043.1
MN22131,8796.3
MN22313,8029.65
MN22225,8265.025
MN22070,8473.5
MN-ROTHSAY,8917.35
MN22219,7827.9
MN21275-4,8453.325
MN22301,8991.325
MN22151,9045.125
MN22367,6926.75
MN22399,9314.125
MN22106,7700.125
MN-ROTHSAY,8762.675
MN22136,9065.3
MN22086,7774.1
MN22085,8594.55
MN21172-3,8803.025
MN22319,8655.075
MN22099,8446.6
MN22097,8957.7
MN22009,8177.6
MN22064,8231.4
MN22374,7276.45
MN22199,7801.0
MN22302,7437.85
MN21406-1,6213.9
MN21034-3,7733.75
MN22373,6758.625
MN21316-3,5111.0
MN22141,5501.05
MN-TORGY,7108.325
MN22335,6556.875
MN22253,6334.95
MN22306,6529.975
LINKERT,5931.45
MN22302,6805.7
MN22319,6059.225
MN22101,6274.425
MN21053-1,6146.65
MN22373,6395.475
MN22249,5669.175
MN22222,5971.8
MN21005-4,5924.725
MN22360,6536.7
MN21275-4,7518.55
MN21482-1,6711.55
MN-ROTHSAY,7538.725
MN22455,6550.15
MN22329,7081.425
MN22350,7565.625
MN22160,7168.85
MN22006,7733.75
MN21316-3,6879.675
SHELLY,7962.4
MN22401,7552.175
MN21385-1,7437.85
MN21444-3,7605.975
SHELLY,7626.15
MN21272-2,7686.675
MN22064,7881.7
MN22216,7229.375
MN22157,8339.0
MN22099,7128.5
MN-TORGY,7410.95
MN22369,7827.9
MN22345,6866.225
MN22306,7518.55
MN22070,7249.55
MN21065-2,8043.1
MN22154,7538.725
MN22288,7794.275
MN-TORGY,6973.825
MN22358,7895.15
MN21114-1,7027.625
MN22025,7195.75
MN22125,6798.975
MN22128,5790.225
MN21087-1,6651.025
MN22218,6106.3
MN-TORGY,6355.125
MN21315-1,6449.275
MN22092,6254.25
MN22416,5709.525
MN22399,6173.55
MN22355,7014.175
MN22123,7296.625
MN22130,5615.375
LINKERT,6106.3
MN-ROTHSAY,7182.3
MN22367,6543.425
MN22349,6664.475
MN21263-3,6879.675
MN22058,6657.75
MN21357-5,6866.225
MN-TORGY,6005.425
MN22207,7061.25
MN22297,7155.4
MN22365,7054.525
MN21150-3,7505.1
MN21269-2,7310.075
MN22341,7410.95
MN22193,6973.825
MN22384,7330.25
MN22322,7471.475
MN22212,6859.5
MN21168-1,7518.55
MN22241,8083.45
MN22118,7343.7
MN22061,7760.65
MN22221,7605.975
MN22375,7767.375
MN21354-3,7041.075
MN22357,7175.575
MN22151,7686.675
MN21413-3,7437.85
LINKERT,6328.225
MN22393,7700.125
SHELLY,7363.875
MN22097,8359.175
MN22022,6812.425
MN22219,7357.15
MN22433,5938.175
MN-ROTHSAY,7464.75
MN22016,6926.75
MN22054,6281.15
MN22169,6792.25
MN21406-1,6018.875
MN22071,6644.3
MN22141,5440.525
MN22378,7336.975
MN22395,7370.6
MN22258,6469.45
MN22271,6193.725
MN22131,7316.8
MN22309,6482.9
MN22326,7370.6
MN22301,7807.725
MN22273,7121.775
MN22167,7646.325
MN21405-3,7827.9
MN21337-1,7693.4
MN22276,7720.3
LINKERT,7014.175
MN22464,6133.2
MN21073-3,7336.975
MN22199,7787.55
MN22374,6778.8
MN22186,6920.025
MN22452,7639.6
MN22225,6590.5
MN22136,7767.375
MN22085,6119.75
MN22259,6994.0
MN22155,7444.575
MN21045-1,7740.475
MN-TORGY,7256.275
MN22093W,7511.825
MN22201,5796.95
MN-ROTHSAY,7592.525
MN22106,6166.825
MN22335,6563.6
MN22262,6220.625
MN21290-2,7942.225
MN22406,6718.275
MN22183,6254.25
MN22427,6691.375
MN21292-2,7679.95
MN22400,7639.6
MN22227,7881.7
MN22113,6839.325
MN22314,7363.875
MN22285,8076.725
MN22200,7599.25
MN21034-3,7061.25
SHELLY,7471.475
MN22261,7162.125
MN-ROTHSAY,7236.1
MN22009,6630.85
MN22376,5951.625
MN22089,7720.3
MN22086,7558.9
MN22195,6738.45
MN22018,7814.45
MN22286,7538.725
MN-ROTHSAY,7874.975
MN21332-3,7431.125
MN21143-4,7061.25
MN22356,7532.0
MN22140,6213.9
SHELLY,8117.075
MN22263,7646.325
MN22342,7283.175
MN22228,7229.375
MN22408,6590.5
MN22103,7760.65
MN22080,7061.25
MN22344,7229.375
MN21144-1,7874.975
MN22269,7599.25
LINKERT,6792.25
LINKERT,7323.525
MN22253,7848.075
MN22213,8708.875
MN22313,7047.8
MN22303,6758.625
MN21135-2,6590.5
MN21370-2,6785.525
MN22194,7626.15
MN22429,7518.55
MN22405,8439.875
MN-TORGY,6940.2
MN22385,7094.875
MN21090-4,6893.125
MN22063,5581.75
MN22065,6805.7
MN22120,7585.8
MN22146,7377.325
MN22182,7269.725
MN22126,6536.7
MN22206,6886.4
MN22248,6946.925
MN22278,7061.25
MN22419,6994.0
MN22046,6906.575
MN21089-4,6832.6
MN21287-2,6839.325
MN22229,6711.55
MN22418,6745.175
MN-ROTHSAY,7471.475
MN21172-3,7841.35
MN22275,7350.425
MN22457,6334.95
MN22196,7094.875
MN-TORGY,6570.325
MN22428,7269.725
MN22183,4909.25
MN22213,5810.4
MN22365,5608.65
MN-TORGY,5776.775
MN22276,5554.85
SHELLY,5971.8
MN22405,5689.35
MN22089,5380.0
MN22085,5675.9
LINKERT,4801.65
MN22054,5050.475
MN22106,5090.825
MN22070,5184.975
MN22151,5817.125
MN22350,5823.85
MN22130,5346.375
MN22103,5776.775
MN22126,5178.25
MN22009,5211.875
MN22136,5440.525
MN22065,4620.075
MN22419,4687.325
MN22271,5097.55
MN22018,5373.275
MN21370-2,4808.375
MN22093W,5117.725
MN22455,5258.95
MN22429,5776.775
MN22025,5817.125
MN22269,5716.25
MN21315-1,5373.275
MN-ROTHSAY,6220.625
MN22167,6119.75
MN22140,5205.15
LINKERT,5346.375
MN21172-3,6671.2
MN22228,5743.15
LINKERT,5554.85
MN22314,6099.575
LINKERT,5729.7
MN21354-3,6725.0
MN22141,5978.525
MN21413-3,6476.175
MN22395,6160.1
MN22367,5258.95
MN22253,5864.2
MN22341,6637.575
MN21405-3,6355.125
MN22128,5817.125
MN22196,6725.0
MN22401,6839.325
MN-TORGY,7148.675
MN22071,6852.775
MN21087-1,6852.775
MN22302,6422.375
MN22155,6341.675
MN22194,6846.05
LINKERT,5870.925
MN21332-3,6980.55
MN21357-5,6772.075
MN22384,6556.875
MN21406-1,6166.825
MN22399,6086.125
MN22225,6059.225
MN21385-1,6503.075
MN22262,6624.125
MN22199,6301.325
MN22207,5904.55
MN21263-3,6301.325
MN22221,6213.9
MN22278,5662.45
MN-TORGY,6260.975
MN22118,5796.95
MN22433,5272.4
MN22408,5084.1
MN22385,5393.45
MN22406,5184.975
MN21290-2,6247.525
MN22218,5971.8
MN-ROTHSAY,6032.325
LINKERT,5124.45
MN22086,5783.5
MN21135-2,5292.575
MN21269-2,6234.075
MN21482-1,5057.2
MN22182,6220.625
MN22345,5951.625
MN22227,5696.075
MN-TORGY,5682.625
MN22335,4989.95
MN21444-3,5575.025
MN22169,5662.45
MN22125,5971.8
MN22374,5245.5
MN22375,5655.725
MN22080,5837.3
MN22393,6005.425
MN22356,5998.7
MN22313,5743.15
MN22006,6496.35
MN-ROTHSAY,6482.9
MN22373,6489.625
MN-TORGY,6866.225
MN22046,5433.8
MN22219,6758.625
MN22344,5770.05
MN22016,6119.75
MN22113,5965.075
MN22063,6677.925
MN22329,6234.075
MN22322,6456.0
MN22378,6778.8
MN22241,6725.0
MN22195,6133.2
MN22064,7377.325
MN21053-1,6778.8
MN22342,6395.475
MN21073-3,6099.575
MN22357,6395.475
MN22261,5319.475
MN22092,5770.05
MN21275-4,6254.25
MN22229,6281.15
SHELLY,7061.25
MN22099,6711.55
MN22258,7182.3
MN21292-2,6980.55
SHELLY,6772.075
MN22061,6859.5
MN22309,6361.85
MN22418,6462.725
MN22222,7041.075
MN22186,5830.575
MN22058,6476.175
MN22275,6294.6
MN22464,5998.7
MN22319,6725.0
MN-ROTHSAY,6711.55
MN21090-4,7007.45
MN22369,6012.15
MN22206,6039.05
SHELLY,7740.475
MN22212,6489.625
MN22154,6832.6
MN21272-2,6597.225
MN22131,7343.7
MN21337-1,6893.125
MN22416,6859.5
MN21168-1,7874.975
MN21005-4,7014.175
MN22216,6254.25
MN22249,5514.5
MN21089-4,5991.975
MN22193,6200.45
SHELLY,6563.6
MN22427,5823.85
MN-TORGY,6577.05
MN22101,5965.075
MN22200,6408.925
MN22201,6227.35
MN22259,5918.0
MN22400,6328.225
MN22248,6005.425
MN22452,6018.875
MN22123,5770.05
MN22301,6187.0
MN21045-1,6402.2
MN-TORGY,6193.725
MN22022,5662.45
MN21114-1,6234.075
MN22355,6469.45
MN22428,6355.125
MN22285,6597.225
MN21287-2,6012.15
MN22306,6045.775
MN-ROTHSAY,5521.225
MN22286,5581.75
MN22120,5588.475
MN21065-2,5823.85
LINKERT,5010.125
MN22326,5427.075
MN22457,5319.475
MN22349,5521.225
MN22297,4983.225
MN22097,5655.725
MN-ROTHSAY,5413.625
MN-ROTHSAY,5319.475
MN21144-1,5137.9
MN22358,5743.15
MN22160,6032.325
MN22146,5857.475
MN22303,5635.55
MN22263,5682.625
MN22157,5400.175
MN22376,5393.45
MN22273,6086.125
MN22360,5783.5
MN21034-3,5817.125
MN22288,5682.625
MN21316-3,5770.05
MN-TORGY,6812.425
MN22071,6825.875
MN22457,5776.775
MN22155,7794.275
MN22419,6119.75
LINKERT,5238.775
MN22319,5427.075
MN21269-2,5743.15
MN22314,4996.675
MN21413-3,5635.55
MN22194,6550.15
MN22212,5581.75
MN22160,5817.125
SHELLY,6691.375
MN21172-3,7074.7
MN22054,5991.975
MN21354-3,7115.05
MN22106,5467.425
MN22126,5971.8
MN22130,6624.125
MN22154,6630.85
MN22369,6637.575
MN22464,6213.9
MN22157,6725.0
MN22228,6899.85
MN22345,7108.325
MN22301,7458.025
MN-ROTHSAY,7121.775
MN22399,6866.225
LINKERT,6247.525
MN21073-3,5985.25
MN21292-2,6025.6
MN22393,5850.75
MN22342,5904.55
MN22408,5494.325
MN22085,5918.0
MN22195,4680.6
MN22219,5373.275
MN22357,5104.275
MN-ROTHSAY,5756.6
MN22429,5662.45
MN21053-1,4895.8
MN22367,4573.0
MN22118,5285.85
MN22452,5534.675
MN22101,6139.925
MN22384,5904.55
MN22222,6785.525
MN22136,6893.125
MN21144-1,6328.225
MN22061,7700.125
MN21087-1,6967.1
MN21150-3,7296.625
MN22329,7310.075
MN-ROTHSAY,7195.75
MN21316-3,6348.4
MN22070,5406.9
MN21290-2,5702.8
MN-ROTHSAY,5474.15
MN22140,4700.775
MN21005-4,5736.425
SHELLY,5373.275
MN21405-3,5622.1
MN22269,5904.55
MN21444-3,6825.875
MN22306,6422.375
MN22167,6630.85
MN22241,6227.35
MN21482-1,6012.15
MN22146,6651.025
MN22263,6953.65
MN21114-1,7283.175
MN22206,6160.1
MN22196,7094.875
MN22099,7074.7
MN22278,6617.4
MN22262,7464.75
MN21370-2,6408.925
MN-ROTHSAY,6529.975
MN22229,7249.55
MN22258,6846.05
MN22271,7148.675
MN22103,5817.125
MN21385-1,5575.025
MN22216,5749.875
MN-TORGY,6281.15
MN22385,5823.85
MN22092,5897.825
MN22016,4794.925
MN22253,5985.25
MN22309,5575.025
MN21065-2,5359.825
MN22302,5608.65
MN22376,5884.375
MN22259,5117.725
MN22416,7101.6
MN22186,6429.1
MN-ROTHSAY,6644.3
MN21263-3,7155.4
MN22356,7444.575
MN22207,6751.9
MN22227,7081.425
MN22455,6402.2
MN22405,7410.95
MN22131,7753.925
MN22009,7047.8
MN22225,7007.45
MN21272-2,6751.9
MN22065,6866.225
MN22046,6529.975
MN22433,6382.025
MN22285,6213.9
MN21090-4,8036.375
MN22169,6301.325
MN21275-4,7121.775
MN-TORGY,6671.2
MN22418,6334.95
MN22018,6577.05
MN22401,6798.975
MN-TORGY,7202.475
MN22199,7821.175
MN22350,7081.425
MN22349,7014.175
MN-ROTHSAY,7908.6
MN21135-2,7787.55
MN22123,7538.725
MN22378,7982.575
MN22326,7027.625
MN22297,6429.1
MN22375,7350.425
MN22089,7155.4
MN22182,7256.275
MN22200,7081.425
LINKERT,6610.675
MN22120,7417.675
MN21168-1,7619.425
MN21406-1,6449.275
SHELLY,6960.375
MN22086,6731.725
MN22248,6778.8
MN21357-5,6153.375
MN22201,7195.75
MN21287-2,6355.125
MN22360,7182.3
MN22141,6462.725
MN22400,7269.725
MN22373,6899.85
MN22286,6382.025
LINKERT,6577.05
MN22022,7088.15
MN22025,6960.375
MN22183,7148.675
MN22374,6603.95
MN-TORGY,7397.5
MN22341,7780.825
MN22406,7215.925
MN22151,7747.2
MN22273,7061.25
MN22335,6832.6
MN21045-1,7774.1
MN22221,7135.225
MN22261,6603.95
MN22125,8117.075
MN22058,7552.175
MN22358,8520.575
MN22064,8433.15
MN22313,7935.5
MN21034-3,8056.55
LINKERT,7579.075
MN22428,7720.3
MN21332-3,7861.525
MN22322,8244.85
MN21143-4,7330.25
MN22275,7404.225
SHELLY,8110.35
MN22395,7491.65
MN22097,7693.4
MN22193,7175.575
MN22249,6651.025
MN22276,7189.025
MN21089-4,7350.425
MN22355,7659.775
MN-TORGY,7289.9
MN22303,7525.275
MN22128,7928.775
MN22006,7390.775
MN22365,6960.375
MN21337-1,7108.325
MN22080,6523.25
MN22344,6503.075
SHELLY,7632.875
MN21315-1,6839.325
MN22218,8137.25
MN-TORGY,7283.175
MN22063,7632.875
MN22213,7854.8
MN22288,7215.925
MN22093W,6866.225
MN22427,6610.675
MN22113,7094.875
MN21087-1,3369.225
MN22151,3772.725
MN22344,1990.6
MN22140,3490.275
MN22097,3732.375
SHELLY,3981.2
MN22249,3053.15
MN22225,3423.025
MN22288,3335.6
SHELLY,3490.275
MN21143-4,3019.525
MN22065,3053.15
MN22269,2515.15
MN-TORGY,1748.5
MN21005-4,3073.325
MN22399,2286.5
MN21150-3,0.0
MN22106,3335.6
MN-TORGY,2306.675
MN22123,3510.45
MN22199,4727.675
MN22319,2844.675
MN21413-3,3994.65
MN22393,2582.4
MN21406-1,3698.75
MN22259,2757.25
MN-ROTHSAY,3160.75
MN22113,3819.8
MN22278,3436.475
MN22070,2703.45
MN22326,3685.3
MN22025,0.0
MN22222,2199.075
MN22433,2461.35
MN22118,2864.85
LINKERT,1923.35
MN22018,1708.15
MN22126,2441.175
MN22064,2757.25
MN22302,3039.7
MN22405,3981.2
MN22357,3564.25
MN22375,2844.675
MN22086,3369.225
MN-TORGY,2286.5
MN22258,3564.25
MN22046,3315.425
MN22452,3544.075
MN22157,3402.85
SHELLY,3315.425
MN21354-3,4209.85
MN22429,3893.775
MN22128,2790.875
MN21287-2,3631.5
MN22416,3631.5
MN-ROTHSAY,3053.15
MN22271,3597.875
MN22213,2266.325
MN22206,1640.9
MN22427,2178.9
MN22218,2232.7
MN22155,2602.575
MN22262,2757.25
MN22378,3349.05
MN22369,3053.15
MN-TORGY,2669.825
MN21385-1,4122.425
MN21272-2,2864.85
MN21405-3,3819.8
MN22120,3349.05
MN22341,3806.35
MN22350,3389.4
MN22193,3248.175
MN21172-3,4035.0
MN22373,3019.525
MN22169,3261.625
MN-ROTHSAY,2286.5
MN22335,3228.0
MN22457,3281.8
MN22408,3510.45
LINKERT,2091.475
MN22071,3490.275
MN22006,1956.975
MN22101,2394.1
MN22313,2178.9
MN22263,2703.45
MN-TORGY,1661.075
MN22384,3402.85
MN21073-3,3423.025
MN21065-2,3349.05
MN21114-1,3349.05
MN22141,2932.1
MN22297,3228.0
MN22016,3389.4
MN21292-2,3961.025
MN22241,2811.05
MN22285,3490.275
MN22061,4014.825
MN22227,3456.65
MN22349,3073.325
MN21089-4,3402.85
MN22009,3597.875
MN22286,2616.025
MN21444-3,3510.45
MN22419,2669.825
MN22395,2461.35
MN22356,2407.55
MN-ROTHSAY,1519.85
MN22345,1761.95
MN22253,2145.275
MN22093W,2219.25
MN-ROTHSAY,1795.575
MN22322,2340.3
MN-ROTHSAY,3039.7
MN22367,3732.375
MN22216,2878.3
MN22365,3086.775
MN22183,3140.575
MN22200,3577.7
MN21034-3,4505.75
SHELLY,3523.9
MN22355,3732.375
MN21315-1,3214.55
MN21357-5,3423.025
MN22136,2777.425
MN22303,2790.875
MN22160,3806.35
MN-ROTHSAY,2219.25
MN21090-4,2898.475
MN22464,3053.15
MN21263-3,2777.425
MN22131,0.0
MN22306,2111.65
MN22261,2232.7
MN22201,2515.15
MN22455,2932.1
MN22228,2656.375
MN22229,3772.725
MN22022,3315.425
MN22186,2044.4
MN22219,2932.1
MN22196,3315.425
MN21332-3,4539.375
MN-TORGY,3752.55
MN22212,3053.15
MN22309,3315.425
MN22273,3389.4
MN22374,3019.525
MN-ROTHSAY,2932.1
MN21370-2,3510.45
MN21053-1,3281.8
MN22342,2024.225
MN22376,3086.775
MN22221,2044.4
MN21269-2,2952.275
MN21045-1,2131.825
MN22401,2373.925
MN22360,3214.55
MN21316-3,2743.8
MN21337-1,2340.3
MN22054,3389.4
MN22182,3839.975
MN22314,3214.55
MN22058,2985.9
MN-TORGY,2811.05
LINKERT,3228.0
MN22085,3873.6
MN22428,3019.525
MN22092,3564.25
MN22248,2636.2
MN22099,4014.825
MN22385,3806.35
MN21135-2,3369.225
MN22089,3544.075
MN22080,3086.775
LINKERT,2952.275
MN21168-1,3631.5
MN22146,1835.925
SHELLY,2616.025
MN22406,2582.4
MN22130,3248.175
MN-ROTHSAY,2131.825
MN21290-2,3281.8
MN22301,2831.225
MN22167,2965.725
MN22103,3315.425
MN22358,3651.675
MN22400,3597.875
MN22154,2811.05
MN-TORGY,2548.775
MN22063,3577.7
MN21275-4,3732.375
MN22329,2481.525
LINKERT,1553.475
MN21144-1,2777.425
MN22125,2757.25
MN22276,2481.525
MN-TORGY,3174.2
MN22418,4189.675
MN22275,3839.975
MN21482-1,3281.8
MN22195,2656.375
MN22207,2811.05
MN22194,2481.525
MN-ROTHSAY,0
MN22018,0
MN22216,0
MN22285,0
MN21065-2,0
MN22206,0
SHELLY,0
MN21114-1,0
MN22286,0
MN22464,0
MN22418,0
MN21337-1,0
MN21482-1,0
MN22157,0
MN22080,0
MN22263,0
MN22357,0
MN22344,0
MN22194,0
MN22213,0
MN22429,0
MN-TORGY,0
MN21444-3,0
MN21405-3,0
MN22378,0
MN22207,0
MN21292-2,0
MN21354-3,0
MN22099,0
MN21090-4,0
MN22058,0
MN-ROTHSAY,0
MN22131,0
MN-TORGY,0
MN22301,0
MN21332-3,0
LINKERT,0
MN22303,0
MN22061,0
MN22345,0
MN21089-4,0
MN21275-4,0
MN22085,0
MN22313,0
MN22405,0
MN22195,0
MN22309,0
MN22070,0
MN21287-2,0
MN22146,0
MN22225,0
MN22369,0
MN21034-3,0
MN22457,0
MN-ROTHSAY,0
MN22160,0
MN22229,0
MN22196,0
MN22276,0
LINKERT,0
MN21172-3,0
MN22419,0
SHELLY,0
MN22261,0
MN22123,0
MN22350,0
MN22349,0
MN22249,0
MN22259,0
MN21315-1,0
MN22253,0
MN22326,0
MN21269-2,0
MN22219,0
MN21290-2,0
MN22200,0
MN22384,0
MN22393,0
MN22128,0
MN22046,0
MN21168-1,0
MN21370-2,0
MN22275,0
MN22106,0
MN22126,0
MN-TORGY,0
MN22376,0
MN22103,0
MN22140,0
MN22183,0
MN22218,0
MN22228,0
MN22193,0
MN22086,0
MN22022,0
MN21413-3,0
SHELLY,0
MN-ROTHSAY,0
MN22118,0
MN21073-3,0
MN22329,0
MN22358,0
MN22222,0
MN22319,0
MN21135-2,0
MN22113,0
MN22406,0
MN22360,0
MN22006,0
MN22182,0
MN-TORGY,0
MN22186,0
MN22136,0
MN22167,0
MN22322,0
MN22374,0
MN22141,0
LINKERT,0
MN21053-1,0
MN22199,0
SHELLY,0
MN22155,0
MN22367,0
MN22452,0
MN22089,0
MN21045-1,0
MN22169,0
MN22273,0
MN22125,0
MN22009,0
MN22400,0
MN22130,0
MN22356,0
MN22427,0
MN-TORGY,0
MN22212,0
MN22092,0
MN21005-4,0
MN21263-3,0
MN22455,0
MN22408,0
LINKERT,0
MN22269,0
MN22433,0
MN22064,0
MN22288,0
MN21406-1,0
MN22248,0
MN-ROTHSAY,0
MN22097,0
MN21357-5,0
MN22306,0
MN22101,0
MN21150-3,0
MN22385,0
LINKERT,0
MN21272-2,0
MN22258,0
MN22071,0
MN22016,0
MN22262,0
MN-ROTHSAY,0
MN22271,0
MN22428,0
MN22375,0
MN22297,0
MN22314,0
MN22341,0
MN22063,0
MN22201,0
MN22399,0
MN22335,0
MN22395,0
MN-TORGY,0
MN21087-1,0
SHELLY,0
MN22355,0
MN-TORGY,0
MN22054,0
MN22227,0
MN22278,0
MN21143-4,0
MN22065,0
MN22401,0
MN22342,0
MN22093W,0
MN22416,0
MN22241,0
MN22154,0
MN21385-1,0
MN22221,0
MN21144-1,0
MN-ROTHSAY,0
MN21316-3,0
MN22151,0
MN22120,0
MN22302,0
MN22365,0
MN22025,0
MN22373,0
MN-ROTHSAY,7363.875
MN21385-1,6408.925
MN22418,5951.625
MN-ROTHSAY,6946.925
MN22355,7135.225
MN21406-1,6065.95
MN22022,6664.475
MN22345,6772.075
MN21150-3,6489.625
MN22335,6442.55
MN21135-2,6758.625
MN22070,5655.725
MN22099,6792.25
MN22427,6476.175
MN22376,7189.025
MN22350,6456
MN21144-1,5850.75
MN22207,6718.275
MN22201,7195.75
MN22253,6536.7
MN22064,7424.4
MN-TORGY,6785.525
MN21034-3,6677.925
MN22155,#VALUE!
MN22193,7215.925
MN22263,7424.4
MN22395,7733.75
MN22225,6583.775
MN21089-4,6503.075
MN-ROTHSAY,7195.75
MN22375,6758.625
SHELLY,7605.975
MN22416,7094.875
MN22146,7000.725
MN22360,6207.175
LINKERT,5756.6
MN22275,7330.25
MN22329,6496.35
MN21370-2,6610.675
MN22464,6738.45
MN22167,7774.1
MN22259,6308.05
MN22063,7081.425
MN22400,6704.825
MN21005-4,6065.95
MN22186,6630.85
MN22065,6738.45
MN22061,7014.175
MN22385,6597.225
MN22194,7276.45
MN21143-4,6677.925
MN21269-2,6072.675
MN22384,6133.2
MN22141,6025.6
MN22365,6308.05
MN22199,6684.65
MN22169,6725
MN22071,7182.3
MN22326,6725
MN22374,7148.675
MN22248,7041.075
MN22273,6617.4
MN22452,6334.95
MN-TORGY,6139.925
MN22356,6496.35
MN22182,5783.5
MN-ROTHSAY,6758.625
MN21172-3,6819.15
MN22157,6065.95
MN-ROTHSAY,6247.525
MN22009,6059.225
MN22113,7135.225
MN22120,7444.575
MN22123,7014.175
MN22309,6287.875
SHELLY,6482.9
MN22128,7384.05
MN22140,6361.85
MN22219,7242.825
MN22103,7020.9
MN22344,5709.525
MN22276,6294.6
MN22025,7182.3
MN22261,5931.45
MN22136,6644.3
MN22093W,6785.525
MN22089,6772.075
MN21263-3,6906.575
MN22455,5904.55
MN21332-3,7229.375
MN-TORGY,6637.575
MN22213,6899.85
MN-TORGY,6529.975
MN22018,5904.55
MN22249,6476.175
MN22408,6065.95
MN22322,7357.15
MN22118,6617.4
MN21045-1,6429.1
MN22106,6321.5
MN22349,6509.8
MN21287-2,6267.7
MN22196,6281.15
MN22429,6711.55
MN21316-3,6274.425
MN-TORGY,5581.75
MN22229,5991.975
MN22269,6651.025
MN22367,5669.175
MN22212,6758.625
MN22154,7370.6
MN-ROTHSAY,7464.75
MN22278,7195.75
MN22457,6523.25
MN22314,6308.05
SHELLY,6334.95
MN22306,6146.65
MN22378,7330.25
MN22092,6126.475
MN22151,6590.5
MN22085,6792.25
MN22046,5864.2
MN21168-1,7996.025
MN22297,6980.55
MN22195,6052.5
MN21290-2,6980.55
MN22227,7848.075
MN21272-2,7283.175
MN22183,7249.55
MN22130,6751.9
MN22428,7195.75
MN22222,6926.75
SHELLY,6926.75
MN22131,6637.575
MN22369,5884.375
MN21354-3,6920.025
MN21357-5,6334.95
MN22228,7155.4
MN22101,6388.75
MN21482-1,6193.725
MN22341,7101.6
MN-ROTHSAY,6745.175
MN21405-3,6415.65
MN22058,6442.55
MN22313,5951.625
MN22285,6913.3
MN22160,6980.55
MN21073-3,6408.925
LINKERT,6039.05
MN21275-4,6577.05
MN22125,6792.25
MN22126,6018.875
MN22303,6220.625
MN22206,5884.375
MN22216,6671.2
MN22302,6348.4
LINKERT,5649
MN21114-1,6328.225
MN22399,6126.475
MN22319,6529.975
MN22358,7249.55
MN22097,6718.275
MN21087-1,6819.15
MN22301,6624.125
MN22218,6476.175
MN21065-2,5978.525
MN22286,6086.125
MN22405,6644.3
MN22406,7094.875
MN22373,6630.85
MN22086,7101.6
MN21337-1,6866.225
LINKERT,6698.1
MN-TORGY,7350.425
MN22393,7807.725
MN21444-3,6402.2
MN22271,6772.075
MN22262,8049.825
MN22258,7659.775
MN22054,6718.275
MN22016,6429.1
MN22357,6859.5
MN21053-1,6402.2
MN21315-1,6274.425
MN22241,7222.65
MN22433,6187
MN22080,6476.175
MN-TORGY,6610.675
MN21292-2,6798.975
MN21090-4,7807.725
MN22342,7189.025
MN22419,7162.125
MN22221,6758.625
MN22006,6886.4
MN22401,5850.75
SHELLY,7444.575
MN22200,7202.475
LINKERT,6052.5
MN21413-3,7289.9
MN22288,7296.625
MN-ROTHSAY,6742.1
MN21468,4649.7
MN21158,4989.5
MN21267,5543.9
MN21266,5096.8
MN21270,5615.4
MN21064,5901.6
MN-ROTHSAY,6563.2
MN21287,5687.0
MN21014,5472.3
MN21061,5472.3
MN21286,5043.1
MN-ROTHSAY,5865.8
SHELLY,5847.9
MN21438,5812.1
MN21341,6134.0
MN21005,5418.7
MN21213,5526.0
SHELLY,5365.0
MN21132,5096.8
MN21268,5293.5
MN21035,5257.7
MN21047,5669.1
MN21269,5883.7
MN-ROTHSAY,6652.7
MN21263,5508.1
MN21227,6760.0
MN21028,5973.1
UMN09,5597.5
MN21271,5597.5
MN21476,5222.0
MN21337,5758.5
MN21306,5132.6
UMN09,6098.3
MN21464,6223.5
MN21272,5991.0
MN21128,6026.7
MN21291,5651.2
MN21444,6330.8
MN-ROTHSAY,6438.1
MN21401,5847.9
MN21295,6277.1
MN21099,5794.3
MN21211,5991.0
UMN09,5365.0
MN21413,6134.0
MN21194W,5704.8
MN21148,4935.8
MN21415,5061.0
MN21045,5973.1
UMN09,5633.3
MN21278,5687.0
MN21080,5543.9
MN21475,4309.9
MN21076,5794.3
MN-Torgy,6295.0
MN21304,5204.1
MN21074,5526.0
MN21162,5794.3
MN21133,6348.6
MN21448,5526.0
SHELLY,5991.0
MN21354,6277.1
MN21359,5740.6
MN21003,5794.3
MN21298,5847.9
SHELLY,6634.8
UMN09,5758.5
MN21004,5222.0
MN21422,5132.6
MN21071,5740.6
MN21259,4989.5
MN21090,5615.4
MN21328,6169.8
MN21243,5865.8
SHELLY,6813.6
MN21054,5472.3
MN21167,5687.0
MN21491,6116.2
MN21439,5472.3
SHELLY,6473.8
MN21065,6491.7
MN21300,6867.3
MN21067,5043.1
MN21023,4703.4
MN-ROTHSAY,6295.0
MN21164,5651.2
MN21082,4864.3
MN21060,3880.7
MN21073,4488.8
UMN09,4345.7
MN21474,5740.6
MN21386,5222.0
MN21389,4149.0
MN21019,6008.9
MN21357,6223.5
SHELLY,6295.0
MN21274,5937.3
MN21489,5114.7
MN21175,4810.7
MN21146,4166.9
MN-Torgy,4292.0
MN21486,4649.7
MN21127,6044.6
MN21176,4149.0
MN21387,5186.2
MN21358,4989.5
MN-ROTHSAY,7153.4
MN21472,6062.5
MN21172,6402.3
MN21087,5597.5
MN21242,5740.6
MN-Torgy,6008.9
MN21478,5257.7
MN21402,5114.7
UMN09,3791.3
MN21484,6080.4
MN-ROTHSAY,6616.9
MN21332,6151.9
MN21010,4900.1
MN21485,4435.1
MN21302,4649.7
SHELLY,6134.0
MN21455,5418.7
MN21013,5991.0
MN21405,6581.1
MN21041,5043.1
MN21030,4649.7
MN-Torgy,5061.0
MN21115,4435.1
MN21081,5043.1
MN21407,4613.9
MN21290,5078.9
MN-Torgy,5669.1
MN21016,5776.4
MN21399,5239.9
MN21477,5561.8
MN21311,5597.5
MN21163,5812.1
MN21487,6062.5
MN21482,5347.2
MN-Torgy,6348.6
MN21009,5400.8
MN21059,4792.8
MN21307,3272.7
MN21222,4774.9
MN-Torgy,5096.8
MN21218,5543.9
MN21037,5830.0
MN21466,5222.0
MN21153,5365.0
MN21425,5472.3
MN-Torgy,6742.1
MN21036,6312.9
MN21052,6241.3
MN21046,4900.1
MN21114,5901.6
UMN09,5078.9
MN21034,5526.0
MN-Torgy,6008.9
MN21211,6688.4
MN21146,6581.1
MN21172,7135.5
MN21143,7046.1
MN21230,5937.3
MN21213,6134.0
MN-ROTHSAY,6903.0
MN21307,6330.8
MN21483,5651.2
MN21227,6867.3
MN21477,6187.7
UMN09,4381.5
MN-Torgy,6956.7
MN21074,6241.3
MN21337,6330.8
MN21302,5812.1
MN21175,5937.3
MN-Torgy,7189.2
MN21423,6581.1
MN21389,6008.9
MN21003,5830.0
MN21133,6760.0
MN21385,4667.6
UMN09,5579.6
MN21485,5794.3
MN21290,7189.2
MN21415,6545.4
MN-ROTHSAY,7010.3
MN21016,7260.7
MN21014,7153.4
MN21080,7046.1
MN21402,7010.3
UMN09,6312.9
MN21037,5651.2
MN21089,5865.8
MN21413,6724.2
MN21100,7224.9
MN21332,7064.0
MN-ROTHSAY,7332.2
MN21292,7403.8
MN21048W,7439.5
MN21358,6795.7
MN21381,6885.1
MN-ROTHSAY,6777.8
MN21159,5150.4
MN21267,6366.5
MN21128,6402.3
MN21030,7010.3
MN21475,5472.3
SHELLY,7368.0
MN21110,6724.2
MN21478,6849.4
MN21049,7046.1
MN21270,6062.5
UMN09,6259.2
MN21019,5776.4
MN21272,6509.6
MN21222,7064.0
MN21295,6706.3
MN21429,6974.6
MN-Torgy,7439.5
MN21011,6563.2
MN21357,7350.1
MN21278,6724.2
MN21482,5830.0
MN-ROTHSAY,6813.6
SHELLY,7046.1
MN21327,7081.9
MN21387,5758.5
MN21132,5418.7
MN21401,6277.1
MN21422,6223.5
MN21098,5043.1
MN21448,5365.0
MN-Torgy,5615.4
MN21463,5472.3
MN21355,5365.0
MN21176,4649.7
MN21217,4292.0
MN-ROTHSAY,4649.7
MN21464,4757.0
MN21013,5025.3
MN21081,6330.8
MN21341,5186.2
MN21444,5561.8
MN-Torgy,4703.4
MN21316,4524.5
MN21059,4828.5
MN21489,5329.3
MN21071,5472.3
UMN09,4202.6
MN21439,2646.8
MN21064,5561.8
MN21012,5114.7
MN21425,5615.4
MN21036,6044.6
MN-ROTHSAY,6473.8
MN21263,5901.6
MN21194W,5257.7
MN21184,3988.0
MN21099,5883.7
SHELLY,6760.0
MN21315,5830.0
MN21243,5186.2
MN21268,6116.2
MN21023,5508.1
MN21148,5293.5
MN-ROTHSAY,4453.0
MN21486,5704.8
MN21340,5865.8
MN21354,6044.6
MN21346,6008.9
SHELLY,7224.9
MN21158,6545.4
MN21082,6867.3
SHELLY,6795.7
MN21041,7081.9
UMN09,6151.9
MN21153,6151.9
MN21367,6384.4
MN21405,6599.0
MN21455,5901.6
MN-Torgy,6545.4
MN21167,5347.2
MN21168,6080.4
MN21028,4435.1
MN21067,5436.6
MN21073,5561.8
SHELLY,6223.5
MN21300,5597.5
MN21466,5526.0
MN21370,5973.1
MN21275,6259.2
SHELLY,6849.4
MN21035,5973.1
MN21009,6438.1
MN21010,5740.6
MN21004,5615.4
MN21163,6455.9
MN21274,5687.0
MN21218,5418.7
UMN09,4757.0
MN21487,5293.5
MN21269,5758.5
MN21287,5651.2
MN21076,5293.5
MN-Torgy,6330.8
MN21097,6330.8
MN21060,5865.8
MN21259,5633.3
MN21045,6366.5
MN21242,6116.2
UMN09,5812.1
MN21072,6295.0
MN21329,6509.6
MN21127,6867.3
MN21115,6259.2
SHELLY,6402.3
MN21034,6652.7
MN-ROTHSAY,6616.9
MN21329,6491.7
MN21127,6366.5
MN21292,6151.9
MN21290,5830.0
MN21184,6259.2
MN21489,6312.9
UMN09,5740.6
MN21385,5722.7
MN21316,5687.0
MN21047,5257.7
MN21058,5114.7
MN-ROTHSAY,6670.5
MN-Torgy,6688.4
MN21293,5812.1
MN21060,6956.7
MN21438,6384.4
MN21413,6652.7
MN-ROTHSAY,6563.2
MN21210,6509.6
MN21013,6688.4
MN21504,6527.5
MN21405,6652.7
MN21340,5543.9
UMN09,5597.5
MN21260,5865.8
MN21401,6473.8
MN21034,5973.1
SHELLY,6992.4
MN21001,5150.4
MN21090,6760.0
MN21162,6169.8
MN21399,5526.0
UMN09,6008.9
MN21011,5347.2
MN21484,5615.4
MN21114,6491.7
MN21315,6044.6
MN21010,4971.6
SHELLY,6491.7
MN21195,5436.6
MN21274,6169.8
MN21243,5883.7
MN21463,5186.2
MN-ROTHSAY,6312.9
MN21476,5901.6
MN21273,5418.7
MN21474,6581.1
MN21291,5973.1
MN21311,6151.9
SHELLY,6795.7
MN21286,4774.9
MN21024,6169.8
MN21327,6205.6
MN21087,6760.0
UMN09,5597.5
MN21197,5865.8
MN21226,5615.4
MN21272,5883.7
MN21143,6026.7
MN21194W,7403.8
MN-Torgy,6205.6
MN21370,6742.1
MN21005,5615.4
MN21135,6384.4
MN21423,5239.9
UMN09,5078.9
MN-Torgy,6384.4
MN21367,6330.8
MN21110,6330.8
MN21264,6080.4
MN21485,5436.6
MN21054,6616.9
MN21161,5776.4
MN21491,6616.9
MN-Torgy,6616.9
MN21473,5830.0
MN21328,6688.4
MN21466,5776.4
MN21101,5418.7
SHELLY,5847.9
MN21475,4649.7
MN21144,6080.4
MN21415,6205.6
MN21217,5794.3
MN21063,6420.2
UMN09,6080.4
MN21227,6885.1
MN21082,5758.5
MN21480,5901.6
MN21275,7207.0
MN-Torgy,6634.8
MN21358,6295.0
MN21012,5758.5
MN21359,6044.6
MN21129,5347.2
MN21115,5543.9
MN-ROTHSAY,7081.9
MN21406,6330.8
MN21386,5418.7
MN21176,6473.8
MN21298,6509.6
MN-ROTHSAY,6616.9
MN21493,5222.0
MN21468,5329.3
MN21266,6223.5
MN21271,6187.7
MN21052,5651.2
MN-Torgy,6616.9
MN21169,5722.7
MN21069,5490.2
MN21002,5436.6
MN21049,5293.5
MN-ROTHSAY,6938.8
MN21148,5830.0
MN21159,5561.8
SHELLY,7296.5
MN21418,5150.4
SHELLY,6760.0
MN21067,5436.6
MN21164,6724.2
MN21304,5687.0
MN21061,6151.9
MN-ROTHSAY,6277.1
MN21053,5579.6
MN21147,5132.6
MN21080,5633.3
MN21357,7028.2
MN21306,5776.4
MN-Torgy,6974.6
MN21402,5758.5
MN21470,6920.9
MN21472,6795.7
MN21299,6259.2
UMN09,6062.5
MN21381,67.1
MN21230,5472.3
MN21065,6545.4
MN21477,6885.1
MN21429,5955.2
MN21407,5955.2
MN21045,6008.9
SHELLY,6634.8
MN21100,5830.0
MN21483,6545.4
MN21089,6509.6
MN21214,5973.1
SHELLY,6473.8
MN21150,6670.5
MN21072,6438.1
MN21048W,4918.0
MN21098,5955.2
MN21422,5293.5
MN-Torgy,6402.3
MN21355,5043.1
MN21097,5687.0
MN21270,5865.8
MN21168,67.1
UMN09,4435.1
MN21046,4757.0
MN21470,2763.9
MN21291,3719.9
MN21299,3493.9
SHELLY,3528.7
MN21099,2833.4
MN21270,2225.0
MN21358,3354.9
MN21295,3424.4
SHELLY,3928.5
MN21271,3511.3
MN21097,2868.2
MN21463,3250.6
MN21438,3980.6
MN21413,3181.0
SHELLY,3633.0
MN21168,3876.4
MN21072,3302.7
MN21466,3198.4
MN21146,3042.0
SHELLY,3615.6
MN21071,3250.6
MN21455,4050.2
MN21047,2642.2
MN21172,2937.7
SHELLY,3511.3
MN21101,2364.1
MN21484,3615.6
MN21153,3806.8
MN21386,3789.4
UMN09,2868.2
MN21195,3563.5
MN21293,3024.6
MN21036,2451.0
MN21269,2329.3
MN21030,2624.8
MN-Torgy,1894.7
MN21370,4328.3
MN21268,3737.3
MN21150,1877.3
MN21210,3424.4
SHELLY,2937.7
MN21306,3320.1
MN21357,3528.7
MN-ROTHSAY,2190.2
MN21098,3407.0
UMN09,3685.1
MN21401,3633.0
MN21010,3024.6
MN21489,2781.2
MN21468,2659.6
MN-ROTHSAY,2972.4
MN21063,3024.6
MN21491,2972.4
MN21287,3685.1
MN21266,2624.8
MN21346,2885.5
MN-Torgy,3354.9
MN21272,3806.8
MN21009,3580.8
MN21267,3198.4
MN21311,3580.8
UMN09,3146.3
MN21304,2833.4
MN21273,4137.1
MN21041,3059.4
MN21385,2190.2
MN21290,2816.0
MN21259,3407.0
MN-Torgy,3354.9
MN21418,3493.9
MN21163,3667.8
MN21218,3685.1
MN21474,2016.4
UMN09,3059.4
MN21023,3320.1
MN21213,1981.6
MN21485,2051.2
MN21143,2537.9
MN21263,3059.4
MN-ROTHSAY,3250.6
MN21133,3424.4
MN21129,4067.6
MN21217,2972.4
MN21052,1616.6
MN-ROTHSAY,2798.6
MN21439,3893.7
MN21504,3128.9
MN21073,3754.7
MN21076,4484.7
MN21292,4171.9
MN21074,4224.0
MN21226,2833.4
MN-ROTHSAY,2729.1
MN21132,3372.3
MN21337,3928.5
MN21087,5058.4
MN21014,3233.2
MN-Torgy,2225.0
MN-ROTHSAY,3128.9
MN21407,3354.9
MN21227,1651.4
MN21405,2729.1
MN21004,3372.3
MN-Torgy,1946.9
MN21115,3198.4
MN21016,3824.2
MN21230,4728.1
MN21028,4015.4
MN21429,3528.7
MN21480,2972.4
UMN09,2798.6
MN21184,2433.6
MN21242,2937.7
MN21328,3424.4
SHELLY,4119.7
MN21332,3337.5
MN21278,4154.5
MN21045,3024.6
MN21448,3337.5
SHELLY,4328.3
MN21081,3806.8
MN21037,4571.7
MN21260,4119.7
MN21211,4380.5
MN21013,3250.6
UMN09,4015.4
MN21367,3945.9
MN21034,3963.3
MN21061,2659.6
MN21477,2694.3
UMN09,3667.8
MN21482,3893.7
MN21422,3772.1
MN21341,4189.2
MN21472,3528.7
MN21243,2694.3
MN-Torgy,1529.7
MN21425,4137.1
MN21222,4571.7
MN21011,3320.1
MN21067,2868.2
MN-Torgy,1912.1
MN21158,3250.6
MN21381,3980.6
MN21064,3598.2
MN21264,3441.8
MN21090,4693.3
UMN09,3876.4
MN21048W,3128.9
MN21415,2781.2
MN21144,3945.9
MN21089,3128.9
MN-Torgy,2798.6
MN-Torgy,2259.8
MN21340,2850.8
MN21214,2537.9
MN21473,4658.6
MN21487,3719.9
MN21389,3685.1
SHELLY,3893.7
MN21483,3198.4
MN21127,3719.9
MN21274,3580.8
MN21001,3372.3
MN21035,2989.8
MN-ROTHSAY,3407.0
MN21053,3042.0
MN21486,3250.6
MN21167,3302.7
MN21169,3737.3
UMN09,2972.4
MN-Torgy,2624.8
MN21423,2468.3
MN21464,2781.2
MN21302,2537.9
MN21054,2885.5
SHELLY,2294.5
MN21002,3772.1
MN21058,2955.1
MN21359,3702.5
MN21307,3163.7
MN21161,3476.5
MN-ROTHSAY,3042.0
MN21399,2763.9
MN21082,2763.9
MN21069,3806.8
MN21475,3685.1
SHELLY,3789.4
MN21406,3250.6
MN21478,2920.3
MN21059,3337.5
MN21444,4276.2
MN21003,2607.4
UMN09,4224.0
MN21329,4067.6
MN21315,3945.9
MN-ROTHSAY,2937.7
MN21175,3042.0
MN21147,2763.9
MN21128,4641.2
MN21275,4241.4
MN-Torgy,2590.0
MN21300,3076.7
MN21065,2398.8
MN21135,3580.8
MN21176,2642.2
MN21402,2989.8
MN-ROTHSAY,2920.3
MN21197,2850.8
MN21493,2763.9
MN21060,3511.3
MN21327,2590.0
MN-ROTHSAY,3389.6
MN21148,4050.2
MN21100,3198.4
MN21019,3215.8
MN-ROTHSAY,2729.1
MN21355,3598.2
MN21114,2207.6
MN21049,2920.3
UMN09,3302.7
MN21387,2850.8
MN21005,3511.3
MN21159,3181.0
SHELLY,3407.0
MN21080,2590.0
UMN09,3580.8
MN21316,3111.5
MN21164,3354.9
MN21012,3998.0
MN21162,2955.1
MN-Torgy,2398.8
MN21298,3580.8
MN21354,3198.4
MN21046,3633.0
SHELLY,5508.1
MN21259,6330.8
MN21483,7010.3
MN21340,8011.8
MN21444,7224.9
MN21269,7546.8
MN21217,6581.1
MN-ROTHSAY,7439.5
MN21307,6992.4
MN21002,7010.3
MN21329,6295.0
MN21071,6223.5
MN-Torgy,6616.9
MN-ROTHSAY,6760.0
MN21263,7117.6
MN21099,6724.2
MN21076,6903.0
MN21168,7368.0
MN-ROTHSAY,7296.5
MN21133,7046.1
MN21172,7332.2
MN21128,7475.3
MN21355,6330.8
MN21147,6795.7
MN-ROTHSAY,6330.8
MN21213,6831.5
MN21053,7117.6
MN21101,6974.6
MN-Torgy,7350.1
MN21030,7153.4
MN21327,7224.9
MN21504,6402.3
MN21097,6330.8
UMN09,6241.3
MN21275,7976.0
MN21370,7153.4
MN21153,6831.5
MN21455,6026.7
MN21230,5293.5
SHELLY,6724.2
MN21315,6938.8
MN21337,6438.1
MN21448,7046.1
MN21041,7224.9
MN-Torgy,7689.9
MN21161,5937.3
MN21146,7010.3
MN21072,7368.0
MN21037,6938.8
MN21001,4935.8
MN-Torgy,7725.7
MN21387,6384.4
MN21081,6420.2
MN21163,6885.1
MN21463,5579.6
SHELLY,6420.2
MN21024,6509.6
MN21487,7207.0
MN21292,6777.8
MN21110,7475.3
MN21429,7403.8
MN-ROTHSAY,6867.3
MN21195,5919.4
MN21332,7224.9
MN21486,6116.2
MN21425,7081.9
UMN09,6760.0
SHELLY,6509.6
MN21302,6777.8
MN21004,7511.1
MN21169,6724.2
MN21287,6259.2
MN21478,6330.8
MN21035,5722.7
MN21316,6223.5
SHELLY,7099.7
MN21135,6688.4
MN21218,6438.1
MN21064,6616.9
MN21278,6241.3
UMN09,6295.0
MN21389,6867.3
MN21473,67.1
MN21464,6134.0
MN21089,6795.7
MN21385,4971.6
MN-Torgy,6831.5
MN21197,6760.0
MN21267,6545.4
MN21299,6455.9
MN21158,7081.9
MN-Torgy,7403.8
MN21264,7332.2
MN21150,7886.6
MN21009,6420.2
MN21073,5740.6
MN21482,5239.9
SHELLY,6867.3
MN21418,6044.6
MN21100,6330.8
MN21159,5901.6
MN21214,7224.9
SHELLY,7028.2
MN21016,7332.2
MN21210,6473.8
MN21423,6581.1
MN21300,7582.6
MN21222,6760.0
MN21175,6402.3
MN21014,6116.2
MN21367,6295.0
MN21023,6473.8
UMN09,6312.9
MN21132,6295.0
MN21058,6330.8
MN-ROTHSAY,7010.3
MN21012,6831.5
UMN09,6187.7
MN21260,6652.7
MN21143,7439.5
MN21406,7153.4
MN21129,6366.5
UMN09,6116.2
MN21098,6151.9
MN21049,6831.5
MN21069,7117.6
MN21211,7224.9
MN21273,5794.3
MN-ROTHSAY,7224.9
MN21293,6688.4
MN21063,7350.1
MN21011,7081.9
MN21381,7350.1
UMN09,6366.5
MN21019,6330.8
MN21036,7546.8
MN21144,7010.3
MN21480,6920.9
MN21028,6688.4
MN21493,6527.5
MN21295,7010.3
MN-Torgy,7511.1
MN21048W,7189.2
MN21242,7511.1
MN21226,6384.4
MN21354,8011.8
MN-ROTHSAY,7833.0
MN21268,7064.0
MN21167,6277.1
MN21059,6438.1
MN21003,6402.3
MN21341,6473.8
MN-Torgy,6402.3
MN21346,5973.1
MN21184,6974.6
MN21074,7153.4
MN21439,6974.6
SHELLY,7260.7
MN21470,6938.8
MN21271,3299.3
MN21214,3157.7
MN21195,3372.3
MN21163,3290.4
UMN09,3548.2
MN21478,3122.0
MN21129,3037.0
MN21072,3826.8
MN21413,3977.3
SHELLY,4473.6
MN21012,4153.2
MN21275,5242.5
MN21065,4981.7
MN21046,4026.5
UMN09,4710.5
MN21274,4813.3
MN21074,5396.0
MN21100,4720.9
MN21147,4312.6
SHELLY,4178.5
MN21153,4680.7
MN21381,4296.2
MN21300,4442.3
MN21002,4512.3
MN21176,4053.3
MN-Torgy,4415.5
MN21287,4627.1
MN21485,4025.0
MN21090,4767.1
MN21286,4026.5
MN-Torgy,4509.3
MN21024,4548.1
MN21005,4858.0
MN21164,4890.8
MN21438,4300.7
SHELLY,4963.9
MN21101,3695.7
MN21480,4259.0
MN21293,4016.1
MN21307,4229.2
SHELLY,4475.1
MN21483,3040.0
MN21030,3008.7
MN21268,3083.2
MN21295,3472.2
MN-Torgy,3265.0
MN21110,3139.8
MN21475,3195.0
MN-Torgy,3472.2
MN21504,3397.7
MN21135,3433.4
MN21052,2372.4
MN21011,3175.6
UMN09,3469.2
MN21001,3436.4
MN21184,4387.1
MN21143,4393.1
MN21298,5281.3
UMN09,4655.4
MN21041,5166.5
MN21439,4802.9
MN21197,4962.4
MN21266,5446.7
MN-ROTHSAY,5466.0
MN21222,5926.5
MN21316,5165.0
MN21097,4789.5
MN21270,5118.8
SHELLY,4689.7
MN21036,3858.1
MN21167,4264.9
MN21071,4446.8
SHELLY,4262.0
MN21367,3357.4
MN21148,4044.4
MN21010,4036.9
MN21169,4114.4
MN-Torgy,5042.8
MN21328,5343.9
MN21341,4691.1
MN21037,4884.9
MN21332,4951.9
SHELLY,5010.0
MN21259,5440.7
MN21470,4814.8
MN21226,4941.5
MN21127,4169.6
SHELLY,4636.0
MN21291,4746.3
MN21407,4406.5
MN21073,3651.0
MN21045,3965.4
MN-ROTHSAY,3200.9
MN21299,2753.9
MN21161,3651.0
MN21175,3217.3
MN21487,4682.2
MN-Torgy,3603.3
MN21048W,2060.9
MN21429,4431.9
MN21064,3868.6
MN21387,3637.6
UMN09,4394.6
MN21399,3721.0
MN21472,4752.2
MN21425,4659.9
MN21230,4779.1
MN-Torgy,5323.0
MN21009,4609.2
MN21242,5062.2
MN21016,4194.9
MN21401,5308.1
UMN09,4880.4
MN21444,5075.6
MN21260,4983.2
MN21464,4503.4
MN21405,5038.4
MN-Torgy,4642.0
MN21150,4120.4
MN21306,4193.4
MN21468,4029.5
MN21402,3917.7
MN21455,4560.0
MN21128,4752.2
MN-ROTHSAY,4290.3
MN21474,4288.8
MN21099,4637.5
MN21133,5507.8
MN21168,5202.3
SHELLY,4965.3
MN21327,4831.2
MN21243,5036.9
MN21448,5309.6
MN21385,4805.9
SHELLY,4442.3
MN21337,4692.6
MN21329,4129.3
MN21059,3671.8
MN21272,4066.8
MN-ROTHSAY,3800.0
MN21061,4285.8
MN21418,2639.1
MN21476,3300.8
MN21158,3640.6
MN21264,3165.2
MN21357,3935.6
MN-ROTHSAY,3877.5
MN21482,3642.0
MN21463,3783.6
MN21315,3838.8
MN21489,4326.0
UMN09,4670.3
MN21004,5267.9
MN21053,3946.0
MN21159,3996.7
MN21415,4495.9
UMN09,4799.9
MN21358,4734.4
MN21218,4950.4
MN21089,5282.8
MN21014,4568.9
UMN09,4792.5
MN21473,4147.2
MN21422,4266.4
MN21144,4983.2
MN21047,3609.3
MN-ROTHSAY,4063.8
MN21269,3683.8
MN21304,4163.6
MN21477,4345.4
MN21019,4191.9
MN-Torgy,4284.3
MN21076,5007.1
MN21311,4749.3
MN21491,5020.5
MN21406,4582.4
MN-ROTHSAY,4767.1
MN21302,4227.7
MN21081,4516.8
MN21263,5337.9
MN21217,4022.0
MN-ROTHSAY,4691.1
MN21290,4339.5
MN21466,4394.6
MN21098,3941.6
MN21028,3870.0
MN-ROTHSAY,3321.7
MN21423,3564.6
MN21049,4369.3
MN21493,4171.1
MN21354,4734.4
MN-Torgy,3853.7
MN21292,3302.3
MN21370,4215.8
MN21267,4446.8
UMN09,4023.5
MN21013,3048.9
MN21172,4686.7
MN21146,3797.0
MN21386,4050.4
UMN09,4701.6
MN21211,5011.5
MN21389,4117.4
MN21355,4610.7
MN21486,4898.3
UMN09,4445.3
MN21063,4870.0
MN21035,4542.1
MN21003,4619.6
MN21273,4259.0
MN-ROTHSAY,4725.4
MN21484,4712.0
MN21067,5099.5
MN21023,3691.2
MN21213,3706.1
MN-ROTHSAY,4048.9
MN21340,3455.8
MN21359,3102.6
SHELLY,4102.5
MN21058,3566.0
MN21060,3947.5
MN21115,2779.2
MN21054,5303.6
MN-Torgy,4422.9
MN21080,4364.8
MN21162,4355.9
MN21194W,3685.3
MN21034,3782.1
MN-Torgy,4205.3
MN21087,3701.7
MN21069,4157.7
MN21278,4075.7
MN21114,4089.1
MN-ROTHSAY,4050.4
MN21210,4083.1
MN21082,3502.0
MN21227,3798.5
MN21346,3263.5
SHELLY,3363.4
MN21132,3691.2
MN-Torgy,3254.8
MN21271,4542.4
MN21293,6116.2
MN21230,5293.5
MN21491,5651.2
MN21470,6116.2
MN21504,5222.0
MN-ROTHSAY,5991.0
MN21214,5436.6
MN21226,4757.0
MN21150,5365.0
MN21286,4005.9
SHELLY,4792.8
MN-Torgy,5311.4
MN21090,5794.3
MN21429,4524.5
MN21385,5633.3
MN21167,5078.9
UMN09,5472.3
MN21048W,3344.2
MN21298,5222.0
MN21058,3630.3
MN21005,3612.5
MN21099,4220.5
UMN09,3487.3
MN21004,3827.1
MN21063,4542.4
MN21011,4202.6
UMN09,4292.0
MN21061,5329.3
MN21370,3862.8
MN21425,4900.1
MN21028,5651.2
SHELLY,6008.9
MN21273,4685.5
MN21423,5293.5
MN21218,5615.4
MN21162,4578.2
MN21002,5758.5
MN-ROTHSAY,5293.5
MN21291,4631.8
MN21052,4703.4
MN21315,5275.6
MN21064,5114.7
MN-Torgy,4935.8
MN21049,5168.3
MN21486,4613.9
MN21054,4703.4
MN21110,4327.8
MN21001,3916.5
MN-ROTHSAY,4971.6
MN21133,5275.6
MN21132,4149.0
MN21455,4113.2
MN21407,4363.6
UMN09,4417.2
MN21069,5615.4
MN21387,5222.0
MN21444,6062.5
MN21263,5776.4
MN21053,5687.0
MN-Torgy,5257.7
MN21003,5025.3
MN21161,5025.3
MN21399,4202.6
MN21097,5293.5
MN-ROTHSAY,4864.3
UMN09,5883.7
MN21046,2754.1
MN21047,5114.7
MN21144,5865.8
MN21100,5579.6
MN21275,3558.8
MN21266,5150.4
MN21242,6491.7
MN-ROTHSAY,6903.0
MN21328,6616.9
MN21169,5830.0
MN21087,5973.1
MN21472,5508.1
MN-ROTHSAY,6116.2
MN21260,4327.8
MN21476,4470.9
MN21483,3737.6
MN21386,4435.1
MN21468,6008.9
MN-Torgy,4935.8
MN21264,4578.2
MN21355,5043.1
MN21463,4900.1
MN21035,4918.0
MN-Torgy,4828.5
MN21074,3415.7
MN21135,3737.6
MN21406,4721.2
MN21197,2754.1
MN21484,3755.5
MN-ROTHSAY,4095.3
MN21023,2539.5
MN21073,3988.0
MN21146,4596.1
MN21292,4613.9
UMN09,4149.0
MN21072,4613.9
MN21101,4578.2
MN21493,5114.7
MN21114,4882.2
MN21153,4613.9
SHELLY,4202.6
MN21480,4596.1
MN21164,4935.8
MN21474,5186.2
MN21299,4524.5
SHELLY,6080.4
MN21438,5561.8
MN21222,5651.2
MN-ROTHSAY,4792.8
MN21329,5669.1
UMN09,5329.3
MN21143,5257.7
MN21473,5687.0
MN21210,4774.9
MN21159,4685.5
UMN09,4363.6
MN21213,4292.0
MN21129,3845.0
MN21259,3898.6
MN21311,4381.5
MN21340,4363.6
SHELLY,5472.3
MN21269,4971.6
MN21418,2146.0
MN21195,4846.4
MN21024,4381.5
SHELLY,4292.0
MN21359,3630.3
MN21168,4005.9
MN21268,3540.9
MN21065,5257.7
MN21172,3290.6
MN21147,2861.4
MN21211,2950.8
SHELLY,4095.3
MN21184,5239.9
MN21089,5865.8
MN21316,5436.6
MN21367,3505.2
MN-Torgy,5275.6
MN21304,5275.6
MN21327,5025.3
MN21300,5687.0
MN21014,4506.6
MN21381,4345.7
SHELLY,4918.0
MN21037,5883.7
MN21098,5615.4
MN21306,5400.8
MN21217,5257.7
MN-Torgy,6080.4
MN21012,4435.1
MN21213,6469.8
MN21493,6798.1
MN21287,6425.7
UMN09,6048.8
MN21346,6625.7
MN21475,4912.6
MN21463,6223.5
MN21014,7129.2
SHELLY,7143.1
MN21444,6974.4
MN21329,6291.2
MN21089,7070.3
MN21266,6486.9
MN-Torgy,7096.9
MN21210,6696.8
MN21164,6869.0
MN21045,6771.8
MN21332,6956.1
MN-ROTHSAY,7299.1
MN21389,6389.3
MN21012,5889.5
MN21081,6618.8
MN21150,6740.5
MN-ROTHSAY,6558.7
MN21243,6327.4
MN21295,6585.8
MN21274,6135.2
MN21010,5666.9
MN-Torgy,6632.9
MN21064,5845.8
MN21290,6147.3
MN21002,5979.2
MN21041,6090.4
SHELLY,6056.8
MN21485,5081.4
MN21074,5760.6
MN21438,5842.3
MN21162,6273.1
MN-Torgy,7043.1
MN21489,6134.9
MN21035,5903.7
MN21167,6760.2
MN21132,6016.4
MN21504,6601.0
MN-ROTHSAY,6656.9
MN21491,6724.2
MN21354,6865.7
MN21101,5753.9
MN21024,6273.5
MN-Torgy,7237.9
MN21292,6266.4
MN21327,6627.8
MN21302,6024.0
MN21069,7120.3
UMN09,6019.7
MN21429,6663.5
MN21082,5998.7
MN21466,6779.5
MN21135,6973.9
SHELLY,6946.6
MN21264,6314.8
MN21217,5618.9
MN-Torgy,6507.5
MN21230,5807.3
MN21028,6654.6
MN21059,5896.9
MN21073,6168.8
SHELLY,6711.6
MN21161,6239.6
MN21071,6525.7
MN21268,6394.8
MN21300,6180.5
UMN09,5812.0
MN21226,5926.8
MN21415,6325.6
MN21087,6222.6
MN21487,6637.9
MN-ROTHSAY,6412.6
MN21080,6447.2
MN21114,6160.3
UMN09,6140.1
MN21097,7170.7
MN21013,6013.6
MN21110,6914.6
MN21486,6248.5
SHELLY,7310.5
MN21381,6584.2
MN21004,6261.2
MN21386,5817.7
MN21214,7187.2
UMN09,5852.5
MN21474,6846.8
MN21053,6548.7
MN21439,6908.7
MN21065,6804.3
UMN09,6063.7
MN21423,6438.0
MN21483,7405.7
MN21367,6642.3
MN21272,6575.4
MN21061,5989.6
SHELLY,6689.3
MN21148,6284.3
MN21030,6878.2
MN21341,6335.7
MN21259,6244.6
MN-ROTHSAY,6704.7
MN21355,6086.3
MN21480,6331.0
MN21143,6477.8
MN21357,6586.8
MN-Torgy,7072.3
MN21019,6637.4
MN21425,6159.2
MN21003,5814.0
MN21482,6571.5
UMN09,6116.8
MN21227,6884.8
MN21358,6528.3
MN21090,7492.0
MN21060,6999.8
SHELLY,7061.1
MN21306,6456.4
MN21129,6452.6
MN21359,6637.9
MN21037,6904.6
MN-Torgy,7191.2
MN21448,6668.7
MN21260,6841.8
MN21023,5771.1
MN21168,7309.8
SHELLY,6727.9
MN21470,7398.6
MN21048W,6374.5
MN21100,6722.4
MN21144,6620.1
MN-Torgy,6966.2
MN21315,6873.1
MN21370,7011.9
MN21058,6249.2
UMN09,6103.2
MN21049,6660.3
MN21286,5693.5
MN21063,6578.2
MN21316,6792.5
SHELLY,6514.4
MN21195,6339.4
MN21337,6336.4
MN21172,6984.3
MN21407,6368.5
MN-Torgy,6444.1
MN21163,6777.0
MN21046,5112.0
MN21267,6485.3
MN21311,6179.3
MN-ROTHSAY,7292.2
MN21385,6927.7
MN21034,6581.5
MN21052,6777.3
MN21422,6330.4
MN21067,7158.6
MN21273,6370.3
UMN09,6166.8
MN21176,7045.7
MN21099,6773.6
MN21299,6290.8
MN21476,6772.3
UMN09,7213.6
MN21399,6328.3
MN21293,7110.8
MN21133,7649.1
MN21009,7014.2
SHELLY,7040.7
MN21478,7053.8
MN21405,6880.1
MN21158,6061.6
MN21153,6482.3
MN-ROTHSAY,7366.7
MN21270,5332.4
MN21036,7131.9
MN21127,6714.8
MN21222,7037.0
MN21468,5906.6
MN21115,5355.0
MN-Torgy,6382.0
MN21128,6735.6
MN21472,6225.5
MN21175,6058.6
MN21159,6407.0
SHELLY,5941.2
MN21473,6324.6
MN21278,6137.4
MN21001,5665.6
MN21340,6505.9
MN-ROTHSAY,7090.8
MN21263,6643.1
MN21275,7275.9
MN21184,6615.6
MN21269,6873.0
SHELLY,6818.7
MN21146,5999.2
MN21406,7355.1
MN21005,6932.9
MN-ROTHSAY,7346.3
MN21291,6576.6
MN21401,6824.4
MN21307,6728.8
MN21054,7327.6
MN-ROTHSAY,7183.3
MN21477,6923.5
MN21304,6497.2
MN21076,7170.8
MN21072,6848.5
MN-ROTHSAY,7490.2
MN21455,6802.9
MN21298,7018.6
MN21271,6828.8
MN21147,6669.9
UMN09,6696.8
MN21169,6390.5
MN21413,6938.6
MN21387,6058.3
MN21098,7277.8
MN-Torgy,6624.9
MN21047,6233.4
MN21484,6632.5
MN21011,6645.7
MN21194W,6735.5
MN-Torgy,7043.7
MN21211,5753.9
MN21218,6327.4
MN21242,6658.3
MN21418,6106.8
UMN09,6118.7
MN21328,6884.6
MN21464,6324.6
MN21402,6238.5
MN21016,6980.2
MN-ROTHSAY,7421.3
MN21197,6601.0
MN21477,5901.6
MN21067,4149.0
MN-Torgy,6080.4
MN21064,4596.1
MN21150,5615.4
MN21090,6455.9
MN21472,5257.7
MN-Torgy,6080.4
MN21489,5222.0
MN21110,5436.6
MN-ROTHSAY,5901.6
MN21054,5847.9
MN21401,4792.8
MN21270,5687.0
MN21226,5329.3
MN21153,5830.0
SHELLY,6867.3
MN21013,4077.4
MN21359,5150.4
MN21144,5830.0
MN21407,5222.0
UMN09,5186.2
MN21298,5186.2
UMN09,4041.7
MN21097,5776.4
MN-Torgy,6187.7
MN21299,4399.3
MN21023,5025.3
MN21354,6616.9
MN21041,6223.5
UMN09,5454.5
MN21273,5275.6
MN21080,5830.0
MN21210,6044.6
MN21159,4238.4
MN21016,5078.9
MN-Torgy,6151.9
MN21072,5865.8
MN21425,5400.8
MN21128,5257.7
MN21036,6116.2
MN21028,6455.9
SHELLY,6491.7
MN21230,5150.4
MN21405,5937.3
MN21278,4882.2
MN21328,6509.6
MN21341,5830.0
SHELLY,6581.1
MN21464,5722.7
MN21346,6581.1
MN21071,5687.0
MN21267,5400.8
MN-Torgy,5901.6
MN21444,6366.5
MN21197,4864.3
MN21217,4417.2
MN21065,5901.6
MN21146,5275.6
SHELLY,6455.9
MN21059,5579.6
MN21242,6867.3
MN21214,6223.5
MN21399,5007.4
SHELLY,6831.5
MN21019,6402.3
MN21099,5329.3
MN-ROTHSAY,5937.3
MN21268,5669.1
MN21439,5955.2
MN-ROTHSAY,5704.8
MN21406,6384.4
MN21476,5043.1
MN21337,6187.7
MN-ROTHSAY,5758.5
MN21184,5919.4
MN21143,6259.2
MN21478,5579.6
MN21047,4184.7
MN21259,5257.7
UMN09,5508.1
MN21162,5526.0
MN21163,5704.8
MN21115,4005.9
MN21387,4685.5
UMN09,5704.8
MN21370,5293.5
MN21274,6044.6
MN21127,6402.3
MN21260,4900.1
MN21010,5007.4
MN21001,5204.1
MN21098,4846.4
SHELLY,6616.9
MN21463,5400.8
MN21014,6151.9
MN21438,4935.8
MN21473,6384.4
SHELLY,6402.3
MN21480,4864.3
MN21100,5418.7
MN21061,5937.3
MN21035,5812.1
MN21168,5722.7
MN-ROTHSAY,6455.9
MN21074,4935.8
MN21474,6295.0
MN21052,5722.7
MN21448,5257.7
MN21009,6259.2
MN21129,4470.9
MN-Torgy,5418.7
MN21423,4721.2
MN-Torgy,6151.9
MN21402,4631.8
MN21286,4846.4
MN21311,5025.3
MN21271,6187.7
MN-ROTHSAY,5901.6
MN21316,5722.7
MN21455,5508.1
MN21218,5937.3
MN21048W,4113.2
MN-Torgy,5365.0
UMN09,5329.3
MN21003,5293.5
MN21063,5293.5
MN21049,5293.5
MN-ROTHSAY,6402.3
MN21101,5883.7
MN21058,4631.8
MN21291,5293.5
MN21194W,5937.3
MN-Torgy,6169.8
MN21483,4399.3
MN21222,6151.9
MN21468,4918.0
MN21147,5687.0
MN21045,6742.1
UMN09,5347.2
MN21076,6008.9
MN21211,6080.4
MN21024,5830.0
MN21418,5078.9
UMN09,5865.8
MN21389,4327.8
MN21266,5078.9
MN21132,4935.8
MN21385,6473.8
MN21327,5436.6
UMN09,5615.4
MN21004,4900.1
MN21340,5687.0
MN21332,5508.1
MN21133,6563.2
SHELLY,6581.1
MN21172,5669.1
MN21264,5418.7
MN21470,5758.5
UMN09,4792.8
MN21060,4971.6
MN21329,5257.7
MN21081,5365.0
MN21011,4810.7
MN21176,4953.7
MN21491,5472.3
MN21482,5150.4
MN-Torgy,5901.6
MN21355,5311.4
MN21164,4757.0
MN21287,3773.4
MN21415,3970.1
MN-ROTHSAY,5186.2
MN21357,5382.9
MN21114,4989.5
MN21195,5436.6
MN21272,5132.6
MN21002,5365.0
MN-ROTHSAY,5919.4
MN21227,6241.3
MN21167,5830.0
MN21087,5508.1
MN21263,5651.2
MN21073,5687.0
MN21295,5239.9
MN21005,4828.5
UMN09,5186.2
MN21089,6688.4
MN21243,4846.4
MN21213,5061.0
MN21275,5436.6
SHELLY,4900.1
MN21012,3845.0
MN21148,3934.4
MN21381,4488.8
MN21413,3862.8
MN21158,4149.0
MN-Torgy,5579.6
MN21135,5329.3
MN21367,4041.7
MN21046,4542.4
UMN09,5186.2
MN21307,5222.0
MN21053,5901.6
MN21306,4953.7
MN21302,5043.1
MN-ROTHSAY,5865.8
SHELLY,5508.1
MN21486,5400.8
MN21290,5543.9
MN21484,5508.1
MN21315,5651.2
MN-ROTHSAY,5722.7
MN21422,5222.0
MN21487,5901.6
MN21175,4327.8
MN21037,5740.6
SHELLY,6116.2
MN21358,4792.8
MN21475,4005.9
MN21069,5722.7
MN21504,5615.4
MN21082,5043.1
MN-Torgy,6008.9
MN21485,4649.7
MN21292,5937.3
MN21429,5293.5
MN21300,5400.8
MN-ROTHSAY,5687.0
MN21493,5526.0
MN21161,4649.7
MN21030,5901.6
MN21269,5865.8
MN21169,4935.8
MN21034,5830.0
SHELLY,6545.4
MN21304,5436.6
MN21293,5543.9
MN21386,4578.2
MN21466,5365.0
MN-Torgy,4220.5
MN21504,3827.1
MN21290,6527.5
MN21468,6473.8
MN21175,5830.0
MN21005,6187.7
MN-Torgy,5937.3
MN21287,5508.1
MN21264,4971.6
MN21485,3970.1
MN21080,3862.8
SHELLY,4470.9
MN-Torgy,3397.9
MN21477,3684.0
MN21474,4238.4
MN21413,5096.8
MN21399,3362.1
SHELLY,6724.2
MN21286,4774.9
MN21115,2754.1
MN21298,6008.9
MN21226,5436.6
MN21278,3523.0
SHELLY,6151.9
MN21493,5043.1
MN21295,6008.9
MN21071,4935.8
MN-ROTHSAY,5794.3
MN21405,5114.7
MN21041,4470.9
MN21129,3684.0
MN21060,4685.5
MN-ROTHSAY,5508.1
MN21473,4470.9
MN21227,4685.5
MN21438,4220.5
MN21302,4184.7
MN21009,4381.5
MN-ROTHSAY,5812.1
MN21128,6062.5
MN21065,6384.4
MN21464,6223.5
MN21260,6008.9
UMN09,6223.5
MN21195,5579.6
MN21407,6616.9
MN21082,6295.0
MN21034,8083.3
MN21243,6402.3
MN-Torgy,6509.6
MN21266,5418.7
MN21439,5991.0
MN21358,4667.6
MN21016,4256.3
SHELLY,4810.7
MN21210,5257.7
MN21162,3111.7
MN21267,4363.6
MN21272,6008.9
MN21114,5329.3
UMN09,4864.3
MN21406,4453.0
MN21013,3576.7
MN21127,5311.4
MN21293,5937.3
UMN09,4971.6
MN-ROTHSAY,5937.3
MN21341,5740.6
MN21046,4470.9
MN21163,5150.4
MN21019,6473.8
MN21487,4041.7
MN21357,6259.2
MN21415,6080.4
MN-Torgy,5293.5
MN21176,4524.5
MN21214,5114.7
MN21418,4810.7
MN21274,5293.5
SHELLY,6223.5
MN21036,4399.3
MN21053,4828.5
MN21161,4095.3
MN21150,4435.1
MN21476,4739.1
SHELLY,6366.5
MN21472,6616.9
MN21448,4649.7
MN21135,6026.7
MN21169,5365.0
SHELLY,6581.1
MN21386,3827.1
MN21389,2163.9
MN21401,5150.4
MN21052,4220.5
MN21475,4149.0
MN-ROTHSAY,5561.8
MN21478,5150.4
MN21307,4774.9
MN21197,5007.4
MN21144,5061.0
UMN09,5204.1
MN21045,6938.8
MN21332,5329.3
MN21484,5132.6
MN21063,4542.4
MN21054,5293.5
UMN09,4506.6
MN21067,4184.7
MN21311,4435.1
MN21328,4792.8
MN21024,4971.6
UMN09,5508.1
MN21090,7010.3
MN21061,6080.4
MN-Torgy,5508.1
MN21081,5651.2
MN-ROTHSAY,6241.3
MN21194W,5329.3
MN21273,5722.7
MN21058,5472.3
MN21076,5508.1
SHELLY,6187.7
MN21001,4828.5
MN21148,4685.5
MN21466,5222.0
MN21402,4578.2
MN21164,4810.7
UMN09,5472.3
MN21491,4971.6
MN21270,6259.2
MN21337,5597.5
MN21291,5150.4
MN-ROTHSAY,5490.2
MN21422,5222.0
MN21346,6724.2
MN21087,5204.1
MN21059,4685.5
MN21002,5794.3
MN21147,5043.1
MN21306,5400.8
UMN09,5472.3
MN21359,4327.8
MN21470,4721.2
MN21271,5490.2
MN21047,3433.6
MN-Torgy,5883.7
MN21101,3845.0
MN21489,4524.5
MN21304,5365.0
MN21354,6295.0
MN21069,4935.8
MN-ROTHSAY,5651.2
MN21010,5436.6
MN21030,5365.0
MN21482,6116.2
MN-Torgy,5830.0
MN21299,5329.3
